<http://data.bibliotheken.nl/id/thes/p075598469>	accijnzen
<http://data.bibliotheken.nl/id/thes/p075599503>	arbeidseconomie
<http://data.bibliotheken.nl/id/thes/p075598507>	acupunctuur
<http://data.bibliotheken.nl/id/thes/p075599570>	arbeidsovereenkomsten
<http://data.bibliotheken.nl/id/thes/p075599635>	archeologie
<http://data.bibliotheken.nl/id/thes/p075601257>	binnenhuisarchitectuur
<http://data.bibliotheken.nl/id/thes/p07560129X>	biochemie
<http://data.bibliotheken.nl/id/thes/p075601303>	biofysica
<http://data.bibliotheken.nl/id/thes/p075599694>	art deco
<http://data.bibliotheken.nl/id/thes/p075598620>	advent
<http://data.bibliotheken.nl/id/thes/p07560132X>	biografische woordenboeken
<http://data.bibliotheken.nl/id/thes/p075598647>	adverteren
<http://data.bibliotheken.nl/id/thes/p075599775>	astrofysica
<http://data.bibliotheken.nl/id/thes/p075601397>	blaasinstrumenten
<http://data.bibliotheken.nl/id/thes/p075599783>	astrologie
<http://data.bibliotheken.nl/id/thes/p075599902>	auteursrecht
<http://data.bibliotheken.nl/id/thes/p075598833>	algebra
<http://data.bibliotheken.nl/id/thes/p075601567>	blues
<http://data.bibliotheken.nl/id/thes/p075601583>	boeddhisme
<http://data.bibliotheken.nl/id/thes/p075601710>	boksen
<http://data.bibliotheken.nl/id/thes/p075599058>	analytische meetkunde
<http://data.bibliotheken.nl/id/thes/p075599074>	anarchisme
<http://data.bibliotheken.nl/id/thes/p075599082>	anatomie
<http://data.bibliotheken.nl/id/thes/p075603462>	corruptie
<http://data.bibliotheken.nl/id/thes/p075603519>	cricket
<http://data.bibliotheken.nl/id/thes/p075603624>	cybernetica
<http://data.bibliotheken.nl/id/thes/p07560275X>	chemie
<http://data.bibliotheken.nl/id/thes/p075600110>	badminton
<http://data.bibliotheken.nl/id/thes/p075600161>	ballet
<http://data.bibliotheken.nl/id/thes/p07560289X>	chirurgie
<http://data.bibliotheken.nl/id/thes/p075602911>	choreografie
<http://data.bibliotheken.nl/id/thes/p075602938>	christendom
<http://data.bibliotheken.nl/id/thes/p075600277>	barok
<http://data.bibliotheken.nl/id/thes/p075603098>	cognac
<http://data.bibliotheken.nl/id/thes/p075604132>	diergeneeskunde
<http://data.bibliotheken.nl/id/thes/p075604191>	diplomatie
<http://data.bibliotheken.nl/id/thes/p075603322>	confucianisme
<http://data.bibliotheken.nl/id/thes/p075605147>	elektrotechniek
<http://data.bibliotheken.nl/id/thes/p075606852>	geestelijke gezondheidszorg
<http://data.bibliotheken.nl/id/thes/p075605236>	embryologie
<http://data.bibliotheken.nl/id/thes/p075600862>	beroepsonderwijs
<http://data.bibliotheken.nl/id/thes/p075605317>	energiebronnen
<http://data.bibliotheken.nl/id/thes/p075605422>	ergonomie
<http://data.bibliotheken.nl/id/thes/p07560177X>	boogschieten
<http://data.bibliotheken.nl/id/thes/p075605449>	erotische kunst
<http://data.bibliotheken.nl/id/thes/p075605473>	inuit
<http://data.bibliotheken.nl/id/thes/p075601915>	bouwkunde
<http://data.bibliotheken.nl/id/thes/p075601974>	bouwtechniek
<http://data.bibliotheken.nl/id/thes/p075607301>	geochemie
<http://data.bibliotheken.nl/id/thes/p07560731X>	geofysica
<http://data.bibliotheken.nl/id/thes/p075602059>	brandweer
<http://data.bibliotheken.nl/id/thes/p075602067>	breien
<http://data.bibliotheken.nl/id/thes/p075605775>	experimentele chemie
<http://data.bibliotheken.nl/id/thes/p075605791>	expressionisme
<http://data.bibliotheken.nl/id/thes/p075602121>	bronstijd
<http://data.bibliotheken.nl/id/thes/p075605856>	familierecht
<http://data.bibliotheken.nl/id/thes/p075602156>	bruggen
<http://data.bibliotheken.nl/id/thes/p075605902>	farmacologie
<http://data.bibliotheken.nl/id/thes/p075607492>	geslachtsziekten
<http://data.bibliotheken.nl/id/thes/p075602202>	speciaal onderwijs
<http://data.bibliotheken.nl/id/thes/p075602342>	burgeroorlogen
<http://data.bibliotheken.nl/id/thes/p075607700>	gewichtheffen
<http://data.bibliotheken.nl/id/thes/p075602466>	Byzantijnse rijk
<http://data.bibliotheken.nl/id/thes/p075607875>	glasvezeltechniek
<http://data.bibliotheken.nl/id/thes/p075607921>	gnosticisme
<http://data.bibliotheken.nl/id/thes/p075608200>	grafologie
<http://data.bibliotheken.nl/id/thes/p075608421>	grondwet
<http://data.bibliotheken.nl/id/thes/p075610248>	installatietechniek
<http://data.bibliotheken.nl/id/thes/p075610353>	internationaal recht
<http://data.bibliotheken.nl/id/thes/p075610388>	internationale economie
<http://data.bibliotheken.nl/id/thes/p075610477>	irrigatie
<http://data.bibliotheken.nl/id/thes/p075610485>	islam
<http://data.bibliotheken.nl/id/thes/p075610647>	jazz
<http://data.bibliotheken.nl/id/thes/p075610884>	jodendom
<http://data.bibliotheken.nl/id/thes/p075610930>	judo
<http://data.bibliotheken.nl/id/thes/p075612933>	Tibetaans boeddhisme
<http://data.bibliotheken.nl/id/thes/p075613069>	landschapsarchitectuur
<http://data.bibliotheken.nl/id/thes/p075613107>	langlaufen
<http://data.bibliotheken.nl/id/thes/p075613263>	internationaal belastingrecht
<http://data.bibliotheken.nl/id/thes/p075613344>	art nouveau
<http://data.bibliotheken.nl/id/thes/p075613379>	antropologie
<http://data.bibliotheken.nl/id/thes/p075613581>	Colombia
<http://data.bibliotheken.nl/id/thes/p075609533>	huisdieren
<http://data.bibliotheken.nl/id/thes/p075609630>	humanistische psychologie
<http://data.bibliotheken.nl/id/thes/p075609649>	humor
<http://data.bibliotheken.nl/id/thes/p075602563>	carnaval
<http://data.bibliotheken.nl/id/thes/p07560969X>	huurwetgeving
<http://data.bibliotheken.nl/id/thes/p075609754>	hydrobiologie
<http://data.bibliotheken.nl/id/thes/p075617226>	ontwikkelingslanden
<http://data.bibliotheken.nl/id/thes/p075617250>	oogheelkunde
<http://data.bibliotheken.nl/id/thes/p075609908>	impressionisme
<http://data.bibliotheken.nl/id/thes/p075617285>	oorlogsmisdaden
<http://data.bibliotheken.nl/id/thes/p075604396>	doop
<http://data.bibliotheken.nl/id/thes/p075617528>	opera
<http://data.bibliotheken.nl/id/thes/p075617668>	organische chemie
<http://data.bibliotheken.nl/id/thes/p075604655>	duiken
<http://data.bibliotheken.nl/id/thes/p075604809>	economie
<http://data.bibliotheken.nl/id/thes/p075604817>	economische groei
<http://data.bibliotheken.nl/id/thes/p075612127>	klinische psychologie
<http://data.bibliotheken.nl/id/thes/p075612321>	kometen
<http://data.bibliotheken.nl/id/thes/p075612364>	koormuziek
<http://data.bibliotheken.nl/id/thes/p075612569>	kristallografie
<http://data.bibliotheken.nl/id/thes/p07561264X>	krijgsgevangenen
<http://data.bibliotheken.nl/id/thes/p075612666>	kubisme
<http://data.bibliotheken.nl/id/thes/p075612674>	kunst
<http://data.bibliotheken.nl/id/thes/p075612704>	kunstgeschiedenis
<http://data.bibliotheken.nl/id/thes/p075614480>	magisch realisme
<http://data.bibliotheken.nl/id/thes/p075614685>	marktonderzoek
<http://data.bibliotheken.nl/id/thes/p075614871>	medische sociologie
<http://data.bibliotheken.nl/id/thes/p075615088>	metallurgie
<http://data.bibliotheken.nl/id/thes/p075615215>	micro-economie
<http://data.bibliotheken.nl/id/thes/p075615304>	middeleeuwse filosofie
<http://data.bibliotheken.nl/id/thes/p075616319>	natuurrampen
<http://data.bibliotheken.nl/id/thes/p075616599>	Nieuwjaar
<http://data.bibliotheken.nl/id/thes/p075616858>	octrooirecht
<http://data.bibliotheken.nl/id/thes/p075616866>	oecumene
<http://data.bibliotheken.nl/id/thes/p075617005>	onderwijs
<http://data.bibliotheken.nl/id/thes/p075617080>	onderwijswetgeving
<http://data.bibliotheken.nl/id/thes/p07561975X>	psychologie
<http://data.bibliotheken.nl/id/thes/p075619822>	psychotherapie
<http://data.bibliotheken.nl/id/thes/p075620618>	revalidatie
<http://data.bibliotheken.nl/id/thes/p075620685>	rococo
<http://data.bibliotheken.nl/id/thes/p075620758>	romantiek
<http://data.bibliotheken.nl/id/thes/p075620928>	ruimtevaart
<http://data.bibliotheken.nl/id/thes/p075621231>	schermen
<http://data.bibliotheken.nl/id/thes/p075624001>	tennis
<http://data.bibliotheken.nl/id/thes/p075624095>	textielkunst
<http://data.bibliotheken.nl/id/thes/p075624176>	theologie
<http://data.bibliotheken.nl/id/thes/p075624362>	topologie
<http://data.bibliotheken.nl/id/thes/p075624648>	tropen
<http://data.bibliotheken.nl/id/thes/p075627485>	wielrennen
<http://data.bibliotheken.nl/id/thes/p075627582>	wintersport
<http://data.bibliotheken.nl/id/thes/p075627590>	wiskunde
<http://data.bibliotheken.nl/id/thes/p07562771X>	woningonderhoud
<http://data.bibliotheken.nl/id/thes/p075627752>	woordenboeken
<http://data.bibliotheken.nl/id/thes/p075627809>	wijnbouw
<http://data.bibliotheken.nl/id/thes/p075627868>	ijshockey
<http://data.bibliotheken.nl/id/thes/p075627949>	ijzertijd
<http://data.bibliotheken.nl/id/thes/p075619849>	public relations
<http://data.bibliotheken.nl/id/thes/p075619857>	publiekrecht
<http://data.bibliotheken.nl/id/thes/p075619970>	radiologie
<http://data.bibliotheken.nl/id/thes/p075620030>	radiotherapie
<http://data.bibliotheken.nl/id/thes/p075620235>	reclassering
<http://data.bibliotheken.nl/id/thes/p075620308>	regeltechniek
<http://data.bibliotheken.nl/id/thes/p075620413>	religieuze kunst
<http://data.bibliotheken.nl/id/thes/p075622432>	speleologie
<http://data.bibliotheken.nl/id/thes/p07562267X>	squash
<http://data.bibliotheken.nl/id/thes/p075622890>	steentijd
<http://data.bibliotheken.nl/id/thes/p075625288>	veeteelt
<http://data.bibliotheken.nl/id/thes/p075625563>	verkeerskunde
<http://data.bibliotheken.nl/id/thes/p075625695>	verloskunde
<http://data.bibliotheken.nl/id/thes/p075626861>	waterbouwkunde
<http://data.bibliotheken.nl/id/thes/p07562737X>	wetenschappelijk onderzoek
<http://data.bibliotheken.nl/id/thes/p075629453>	Almere
<http://data.bibliotheken.nl/id/thes/p075629542>	Amersfoort
<http://data.bibliotheken.nl/id/thes/p075629550>	Amsterdam
<http://data.bibliotheken.nl/id/thes/p075629593>	Antwerpen (provincie)
<http://data.bibliotheken.nl/id/thes/p075629607>	Antwerpen
<http://data.bibliotheken.nl/id/thes/p07562964X>	Bangladesh
<http://data.bibliotheken.nl/id/thes/p075629674>	Ardennen
<http://data.bibliotheken.nl/id/thes/p075629682>	Arnhem
<http://data.bibliotheken.nl/id/thes/p075629747>	Assen
<http://data.bibliotheken.nl/id/thes/p075629801>	Athene
<http://data.bibliotheken.nl/id/thes/p075629852>	Auvergne
<http://data.bibliotheken.nl/id/thes/p075629879>	Berlijn
<http://data.bibliotheken.nl/id/thes/p075629917>	Cambodja
<http://data.bibliotheken.nl/id/thes/p075631792>	Hongarije
<http://data.bibliotheken.nl/id/thes/p075632012>	Leeuwarden
<http://data.bibliotheken.nl/id/thes/p075632055>	Leiden
<http://data.bibliotheken.nl/id/thes/p075632179>	Leuven
<http://data.bibliotheken.nl/id/thes/p075632187>	Libanon
<http://data.bibliotheken.nl/id/thes/p075630877>	Den Haag
<http://data.bibliotheken.nl/id/thes/p075630923>	Gent
<http://data.bibliotheken.nl/id/thes/p075630931>	Griekenland
<http://data.bibliotheken.nl/id/thes/p075631105>	Haarlem
<http://data.bibliotheken.nl/id/thes/p075631156>	Ierland
<http://data.bibliotheken.nl/id/thes/p075631288>	Irak
<http://data.bibliotheken.nl/id/thes/p075631342>	Japan
<http://data.bibliotheken.nl/id/thes/p075631644>	Kenia
<http://data.bibliotheken.nl/id/thes/p07563371X>	Schotland
<http://data.bibliotheken.nl/id/thes/p075633795>	Tunis
<http://data.bibliotheken.nl/id/thes/p075633825>	Turkije
<http://data.bibliotheken.nl/id/thes/p075633841>	Senegal
<http://data.bibliotheken.nl/id/thes/p075633868>	Sierra Leone
<http://data.bibliotheken.nl/id/thes/p075633981>	Sovjet-Unie
<http://data.bibliotheken.nl/id/thes/p07563399X>	Venlo
<http://data.bibliotheken.nl/id/thes/p075634023>	Spanje
<http://data.bibliotheken.nl/id/thes/p075634120>	Vlaanderen
<http://data.bibliotheken.nl/id/thes/p075634147>	Vlissingen
<http://data.bibliotheken.nl/id/thes/p075634155>	Vogezen
<http://data.bibliotheken.nl/id/thes/p07563418X>	Suriname
<http://data.bibliotheken.nl/id/thes/p075634376>	IJsland
<http://data.bibliotheken.nl/id/thes/p075634481>	Zambia
<http://data.bibliotheken.nl/id/thes/p07563449X>	Wenen
<http://data.bibliotheken.nl/id/thes/p075634546>	West-Duitsland
<http://data.bibliotheken.nl/id/thes/p075634600>	West-Vlaanderen
<http://data.bibliotheken.nl/id/thes/p075636379>	Wales
<http://data.bibliotheken.nl/id/thes/p075636387>	Costa Blanca
<http://data.bibliotheken.nl/id/thes/p075636409>	Apeldoorn
<http://data.bibliotheken.nl/id/thes/p075636468>	Dresden
<http://data.bibliotheken.nl/id/thes/p075636522>	Dordogne
<http://data.bibliotheken.nl/id/thes/p075636697>	televisie
<http://data.bibliotheken.nl/id/thes/p075636816>	watervoorziening
<http://data.bibliotheken.nl/id/thes/p075637162>	endocrinologie
<http://data.bibliotheken.nl/id/thes/p075639122>	Nigeria
<http://data.bibliotheken.nl/id/thes/p075639173>	Ghana
<http://data.bibliotheken.nl/id/thes/p075639351>	Cuba
<http://data.bibliotheken.nl/id/thes/p07563984X>	Malawi
<http://data.bibliotheken.nl/id/thes/p075639858>	Dominicaanse Republiek
<http://data.bibliotheken.nl/id/thes/p075642069>	Liberia
<http://data.bibliotheken.nl/id/thes/p075642085>	Trinidad en Tobago
<http://data.bibliotheken.nl/id/thes/p075642115>	Toscane
<http://data.bibliotheken.nl/id/thes/p075642123>	Florence
<http://data.bibliotheken.nl/id/thes/p075642131>	Guyana
<http://data.bibliotheken.nl/id/thes/p075642190>	Thiers
<http://data.bibliotheken.nl/id/thes/p075642506>	Letland
<http://data.bibliotheken.nl/id/thes/p075642654>	Zimbabwe
<http://data.bibliotheken.nl/id/thes/p075642662>	Oeganda
<http://data.bibliotheken.nl/id/thes/p075646609>	Chicago
<http://data.bibliotheken.nl/id/thes/p07564665X>	Finland
<http://data.bibliotheken.nl/id/thes/p075632209>	Limburg
<http://data.bibliotheken.nl/id/thes/p075632314>	Luxemburg (provincie)
<http://data.bibliotheken.nl/id/thes/p075632349>	Maastricht
<http://data.bibliotheken.nl/id/thes/p075632357>	Madeira
<http://data.bibliotheken.nl/id/thes/p075632373>	Malta
<http://data.bibliotheken.nl/id/thes/p07563242X>	Marokko
<http://data.bibliotheken.nl/id/thes/p075632551>	Midden-Oosten
<http://data.bibliotheken.nl/id/thes/p075632594>	Mozambique
<http://data.bibliotheken.nl/id/thes/p075632667>	Namen (provincie)
<http://data.bibliotheken.nl/id/thes/p075632705>	Nederland
<http://data.bibliotheken.nl/id/thes/p075646870>	Honduras
<http://data.bibliotheken.nl/id/thes/p075632713>	Nederlandse Antillen
<http://data.bibliotheken.nl/id/thes/p075605112>	elektronische muziek
<http://data.bibliotheken.nl/id/thes/p075605120>	elektronische muziekinstrumenten
<http://data.bibliotheken.nl/id/thes/p075632780>	Nicaragua
<http://data.bibliotheken.nl/id/thes/p075634643>	Zuid-Afrika
<http://data.bibliotheken.nl/id/thes/p07563466X>	Zuid-Amerika
<http://data.bibliotheken.nl/id/thes/p075647214>	Grenada
<http://data.bibliotheken.nl/id/thes/p075634716>	Zuid-Korea
<http://data.bibliotheken.nl/id/thes/p075634775>	Zwitserland
<http://data.bibliotheken.nl/id/thes/p075634783>	Zwarte Woud
<http://data.bibliotheken.nl/id/thes/p075634805>	Zweden
<http://data.bibliotheken.nl/id/thes/p075635275>	energie
<http://data.bibliotheken.nl/id/thes/p075637278>	Tibet
<http://data.bibliotheken.nl/id/thes/p075637332>	Goes
<http://data.bibliotheken.nl/id/thes/p075637367>	Dordrecht
<http://data.bibliotheken.nl/id/thes/p075637375>	Guatemala
<http://data.bibliotheken.nl/id/thes/p075637405>	Uruguay
<http://data.bibliotheken.nl/id/thes/p07563760X>	Dortmund
<http://data.bibliotheken.nl/id/thes/p075637715>	Middelburg
<http://data.bibliotheken.nl/id/thes/p075637871>	Soedan
<http://data.bibliotheken.nl/id/thes/p075637898>	Aruba
<http://data.bibliotheken.nl/id/thes/p075640058>	Mauritius
<http://data.bibliotheken.nl/id/thes/p075640066>	Tanzania
<http://data.bibliotheken.nl/id/thes/p075640333>	Oost-Duitsland
<http://data.bibliotheken.nl/id/thes/p075640376>	Languedoc
<http://data.bibliotheken.nl/id/thes/p07564049X>	Vorarlberg
<http://data.bibliotheken.nl/id/thes/p07564052X>	Artois
<http://data.bibliotheken.nl/id/thes/p075640619>	Lapland
<http://data.bibliotheken.nl/id/thes/p075643359>	Stratford-upon-Avon
<http://data.bibliotheken.nl/id/thes/p075643391>	Lelystad
<http://data.bibliotheken.nl/id/thes/p075643510>	York
<http://data.bibliotheken.nl/id/thes/p075644754>	Korea
<http://data.bibliotheken.nl/id/thes/p075644940>	Salisbury
<http://data.bibliotheken.nl/id/thes/p075645025>	Paraguay
<http://data.bibliotheken.nl/id/thes/p075645084>	Blackpool
<http://data.bibliotheken.nl/id/thes/p075645106>	Bristol
<http://data.bibliotheken.nl/id/thes/p07564519X>	Guinee-Bissau
<http://data.bibliotheken.nl/id/thes/p075645408>	Louth
<http://data.bibliotheken.nl/id/thes/p075650495>	Cambridge
<http://data.bibliotheken.nl/id/thes/p075650576>	Glasgow
<http://data.bibliotheken.nl/id/thes/p075650975>	Afghanistan
<http://data.bibliotheken.nl/id/thes/p075651181>	Singapore
<http://data.bibliotheken.nl/id/thes/p075651378>	neurochirurgie
<http://data.bibliotheken.nl/id/thes/p075651955>	Plymouth
<http://data.bibliotheken.nl/id/thes/p075652021>	immunologie
<http://data.bibliotheken.nl/id/thes/p075652080>	Laon
<http://data.bibliotheken.nl/id/thes/p075655659>	Oman
<http://data.bibliotheken.nl/id/thes/p075655675>	Nepal
<http://data.bibliotheken.nl/id/thes/p075655950>	Lotharingen
<http://data.bibliotheken.nl/id/thes/p075656248>	Madagascar
<http://data.bibliotheken.nl/id/thes/p075658682>	economische geschiedenis
<http://data.bibliotheken.nl/id/thes/p075661233>	melkveehouderij
<http://data.bibliotheken.nl/id/thes/p075661322>	milieueconomie
<http://data.bibliotheken.nl/id/thes/p075661357>	militaire geschiedenis
<http://data.bibliotheken.nl/id/thes/p075663392>	Flevoland
<http://data.bibliotheken.nl/id/thes/p075663449>	robotica
<http://data.bibliotheken.nl/id/thes/p075649446>	Costa Rica
<http://data.bibliotheken.nl/id/thes/p075649527>	Glastonbury
<http://data.bibliotheken.nl/id/thes/p075649594>	Belfast
<http://data.bibliotheken.nl/id/thes/p075664127>	studiebegeleiding
<http://data.bibliotheken.nl/id/thes/p075606178>	filosofie
<http://data.bibliotheken.nl/id/thes/p075653451>	chromatografie
<http://data.bibliotheken.nl/id/thes/p075653559>	Eritrea
<http://data.bibliotheken.nl/id/thes/p075653680>	Nogent-sur-Marne
<http://data.bibliotheken.nl/id/thes/p075654016>	biotechnologie
<http://data.bibliotheken.nl/id/thes/p075654067>	Mali
<http://data.bibliotheken.nl/id/thes/p075654288>	Noord-Ierland
<http://data.bibliotheken.nl/id/thes/p075654679>	Stuttgart
<http://data.bibliotheken.nl/id/thes/p075657260>	ondernemingsrecht
<http://data.bibliotheken.nl/id/thes/p075657643>	biogeografie
<http://data.bibliotheken.nl/id/thes/p075658089>	chemische fysica
<http://data.bibliotheken.nl/id/thes/p075660040>	internationale handel
<http://data.bibliotheken.nl/id/thes/p075660148>	jeugdzorg
<http://data.bibliotheken.nl/id/thes/p075660423>	kleurboeken
<http://data.bibliotheken.nl/id/thes/p075662663>	paleografie
<http://data.bibliotheken.nl/id/thes/p075662809>	personal computers
<http://data.bibliotheken.nl/id/thes/p075665913>	zwaartekracht
<http://data.bibliotheken.nl/id/thes/p075665964>	ongediertebestrijding
<http://data.bibliotheken.nl/id/thes/p075666103>	Esperanto
<http://data.bibliotheken.nl/id/thes/p075666243>	Koeweit
<http://data.bibliotheken.nl/id/thes/p075666464>	Ecuador
<http://data.bibliotheken.nl/id/thes/p075666472>	computerbeveiliging
<http://data.bibliotheken.nl/id/thes/p075666596>	Cardiff
<http://data.bibliotheken.nl/id/thes/p075666618>	Lesotho
<http://data.bibliotheken.nl/id/thes/p075666685>	Durham
<http://data.bibliotheken.nl/id/thes/p075666871>	Alaska
<http://data.bibliotheken.nl/id/thes/p07567016X>	Praag
<http://data.bibliotheken.nl/id/thes/p075670461>	Bonaire
<http://data.bibliotheken.nl/id/thes/p07567257X>	numerologie
<http://data.bibliotheken.nl/id/thes/p075672901>	Benin
<http://data.bibliotheken.nl/id/thes/p075673096>	Canterbury
<http://data.bibliotheken.nl/id/thes/p075673452>	Stiermarken
<http://data.bibliotheken.nl/id/thes/p075673630>	Fiji
<http://data.bibliotheken.nl/id/thes/p075677016>	Managua
<http://data.bibliotheken.nl/id/thes/p075677237>	Biarritz
<http://data.bibliotheken.nl/id/thes/p075678098>	New Age
<http://data.bibliotheken.nl/id/thes/p07568019X>	Brunei
<http://data.bibliotheken.nl/id/thes/p075682788>	Dakar
<http://data.bibliotheken.nl/id/thes/p07568585X>	Florida
<http://data.bibliotheken.nl/id/thes/p075687259>	Recife
<http://data.bibliotheken.nl/id/thes/p075689510>	ouderenzorg
<http://data.bibliotheken.nl/id/thes/p075689634>	Brasilia
<http://data.bibliotheken.nl/id/thes/p075663082>	privatisering
<http://data.bibliotheken.nl/id/thes/p075663120>	projectmanagement
<http://data.bibliotheken.nl/id/thes/p075663317>	regenwouden
<http://data.bibliotheken.nl/id/thes/p075665131>	vrijheid van meningsuiting
<http://data.bibliotheken.nl/id/thes/p075665506>	wiskundige logica
<http://data.bibliotheken.nl/id/thes/p075665646>	maritieme geschiedenis
<http://data.bibliotheken.nl/id/thes/p075667428>	Cotswolds
<http://data.bibliotheken.nl/id/thes/p075667487>	Swaziland
<http://data.bibliotheken.nl/id/thes/p075667657>	Tahiti
<http://data.bibliotheken.nl/id/thes/p075667681>	Bath
<http://data.bibliotheken.nl/id/thes/p075667908>	Togo
<http://data.bibliotheken.nl/id/thes/p075667983>	Harz
<http://data.bibliotheken.nl/id/thes/p075668033>	vaccinatie
<http://data.bibliotheken.nl/id/thes/p075668173>	Anjou
<http://data.bibliotheken.nl/id/thes/p075668637>	Taiwan
<http://data.bibliotheken.nl/id/thes/p075671093>	Groenland
<http://data.bibliotheken.nl/id/thes/p075671182>	Algerije
<http://data.bibliotheken.nl/id/thes/p075671883>	seksueel geweld
<http://data.bibliotheken.nl/id/thes/p075676427>	Manchester
<http://data.bibliotheken.nl/id/thes/p07567677X>	Houston
<http://data.bibliotheken.nl/id/thes/p075683458>	Samoa
<http://data.bibliotheken.nl/id/thes/p075689855>	chaostheorie
<http://data.bibliotheken.nl/id/thes/p07568988X>	Manila
<http://data.bibliotheken.nl/id/thes/p075689952>	Saint-Nazaire
<http://data.bibliotheken.nl/id/thes/p075690144>	Istanbul
<http://data.bibliotheken.nl/id/thes/p075690152>	Belize
<http://data.bibliotheken.nl/id/thes/p075684012>	avant-garde
<http://data.bibliotheken.nl/id/thes/p075687518>	thesauri
<http://data.bibliotheken.nl/id/thes/p075687534>	darts
<http://data.bibliotheken.nl/id/thes/p075687879>	Panama
<http://data.bibliotheken.nl/id/thes/p075687917>	Boedapest
<http://data.bibliotheken.nl/id/thes/p075688069>	Roanne
<http://data.bibliotheken.nl/id/thes/p075688085>	georganiseerde misdaad
<http://data.bibliotheken.nl/id/thes/p075688344>	Saint-Denis
<http://data.bibliotheken.nl/id/thes/p075690829>	Beiroet
<http://data.bibliotheken.nl/id/thes/p080704115>	Split
<http://data.bibliotheken.nl/id/thes/p080704328>	Dubrovnik
<http://data.bibliotheken.nl/id/thes/p075606577>	futurisme
<http://data.bibliotheken.nl/id/thes/p075606593>	fysiologie
<http://data.bibliotheken.nl/id/thes/p075606607>	fysiotherapie
<http://data.bibliotheken.nl/id/thes/p075606615>	fysische chemie
<http://data.bibliotheken.nl/id/thes/p075608502>	gymnastiek
<http://data.bibliotheken.nl/id/thes/p075608545>	haken
<http://data.bibliotheken.nl/id/thes/p075608561>	handbal
<http://data.bibliotheken.nl/id/thes/p075609118>	historische geografie
<http://data.bibliotheken.nl/id/thes/p075609126>	historische geologie
<http://data.bibliotheken.nl/id/thes/p075609231>	homeopathie
<http://data.bibliotheken.nl/id/thes/p075609282>	honkbal
<http://data.bibliotheken.nl/id/thes/p075611333>	kapitalisme
<http://data.bibliotheken.nl/id/thes/p075611341>	karate
<http://data.bibliotheken.nl/id/thes/p075611651>	kernfysica
<http://data.bibliotheken.nl/id/thes/p075611678>	Kerstmis
<http://data.bibliotheken.nl/id/thes/p075611791>	kindergeneeskunde
<http://data.bibliotheken.nl/id/thes/p075611813>	kindermishandeling
<http://data.bibliotheken.nl/id/thes/p079113257>	Salzburg
<http://data.bibliotheken.nl/id/thes/p075613840>	lexicografie
<http://data.bibliotheken.nl/id/thes/p08071658X>	Macao
<http://data.bibliotheken.nl/id/thes/p085956090>	Lima
<http://data.bibliotheken.nl/id/thes/p086763482>	Santorini
<http://data.bibliotheken.nl/id/thes/p089297938>	Saba
<http://data.bibliotheken.nl/id/thes/p092848583>	Goa
<http://data.bibliotheken.nl/id/thes/p093252048>	Bremen
<http://data.bibliotheken.nl/id/thes/p09588548X>	Lourdes
<http://data.bibliotheken.nl/id/thes/p096114746>	nucleaire geneeskunde
<http://data.bibliotheken.nl/id/thes/p096752807>	Sint Maarten
<http://data.bibliotheken.nl/id/thes/p10023982X>	Solothurn
<http://data.bibliotheken.nl/id/thes/p100960766>	Hampshire
<http://data.bibliotheken.nl/id/thes/p101318219>	Oezbekistan
<http://data.bibliotheken.nl/id/thes/p101406223>	Indische oceaan
<http://data.bibliotheken.nl/id/thes/p101413556>	Zanzibar
<http://data.bibliotheken.nl/id/thes/p102349622>	Bahrein
<http://data.bibliotheken.nl/id/thes/p102367418>	magnetische resonantie
<http://data.bibliotheken.nl/id/thes/p107286335>	La Paz
<http://data.bibliotheken.nl/id/thes/p107493888>	Lazio
<http://data.bibliotheken.nl/id/thes/p107558548>	Aurillac
<http://data.bibliotheken.nl/id/thes/p110892577>	Debrecen
<http://data.bibliotheken.nl/id/thes/p111772737>	Toulon
<http://data.bibliotheken.nl/id/thes/p112465986>	Marrakech
<http://data.bibliotheken.nl/id/thes/p11350523X>	Kazachstan
<http://data.bibliotheken.nl/id/thes/p114017557>	New Mexico
<http://data.bibliotheken.nl/id/thes/p114310211>	Menorca
<http://data.bibliotheken.nl/id/thes/p118722328>	Bordeaux
<http://data.bibliotheken.nl/id/thes/p119500914>	Helsinki
<http://data.bibliotheken.nl/id/thes/p120911574>	Saint Martin
<http://data.bibliotheken.nl/id/thes/p121648737>	Sanskriet
<http://data.bibliotheken.nl/id/thes/p122934776>	Lesbos
<http://data.bibliotheken.nl/id/thes/p122934806>	Chios
<http://data.bibliotheken.nl/id/thes/p123559847>	Burundi
<http://data.bibliotheken.nl/id/thes/p123927773>	Fuerteventura
<http://data.bibliotheken.nl/id/thes/p123965756>	Hamburg
<http://data.bibliotheken.nl/id/thes/p124443907>	Edinburgh
<http://data.bibliotheken.nl/id/thes/p090860993>	Spitsbergen
<http://data.bibliotheken.nl/id/thes/p090998197>	Laos
<http://data.bibliotheken.nl/id/thes/p098387413>	Sint Petersburg
<http://data.bibliotheken.nl/id/thes/p098852272>	Chartres
<http://data.bibliotheken.nl/id/thes/p099912481>	Argenteuil
<http://data.bibliotheken.nl/id/thes/p10043150X>	Bihar
<http://data.bibliotheken.nl/id/thes/p102366659>	tomografie
<http://data.bibliotheken.nl/id/thes/p10652741X>	Lago Maggiore
<http://data.bibliotheken.nl/id/thes/p106811002>	Slowakije
<http://data.bibliotheken.nl/id/thes/p107497689>	Santiago de Compostela
<http://data.bibliotheken.nl/id/thes/p10803433X>	Utah
<http://data.bibliotheken.nl/id/thes/p10848324X>	Cumbria
<http://data.bibliotheken.nl/id/thes/p108771342>	Zuidoost-Europa
<http://data.bibliotheken.nl/id/thes/p110996836>	Jutland
<http://data.bibliotheken.nl/id/thes/p111940710>	Sussex
<http://data.bibliotheken.nl/id/thes/p111940737>	Kent
<http://data.bibliotheken.nl/id/thes/p112284469>	Karpaten
<http://data.bibliotheken.nl/id/thes/p112992978>	Nevada
<http://data.bibliotheken.nl/id/thes/p113593538>	Clermont-Ferrand
<http://data.bibliotheken.nl/id/thes/p114498067>	Kopenhagen
<http://data.bibliotheken.nl/id/thes/p11534196X>	Gabon
<http://data.bibliotheken.nl/id/thes/p115538917>	San Francisco
<http://data.bibliotheken.nl/id/thes/p118790382>	La Palma
<http://data.bibliotheken.nl/id/thes/p120727110>	Zuid-Europa
<http://data.bibliotheken.nl/id/thes/p122338634>	virtual reality
<http://data.bibliotheken.nl/id/thes/p123952530>	Gran Canaria
<http://data.bibliotheken.nl/id/thes/p123952603>	Lanzarote
<http://data.bibliotheken.nl/id/thes/p123953030>	La Gomera
<http://data.bibliotheken.nl/id/thes/p123953375>	El Hierro
<http://data.bibliotheken.nl/id/thes/p124621872>	Kaspische Zee
<http://data.bibliotheken.nl/id/thes/p12492462X>	Tlaxcala
<http://data.bibliotheken.nl/id/thes/p125627726>	Carlow
<http://data.bibliotheken.nl/id/thes/p134030710>	Tarn
<http://data.bibliotheken.nl/id/thes/p136309127>	Rode Zee
<http://data.bibliotheken.nl/id/thes/p075614383>	maatschappelijk werk
<http://data.bibliotheken.nl/id/thes/p075614456>	macro-economie
<http://data.bibliotheken.nl/id/thes/p126794650>	Hunan
<http://data.bibliotheken.nl/id/thes/p139414908>	Shetland Islands
<http://data.bibliotheken.nl/id/thes/p134980212>	Gozo
<http://data.bibliotheken.nl/id/thes/p137153848>	Oaxaca
<http://data.bibliotheken.nl/id/thes/p075615959>	muziek
<http://data.bibliotheken.nl/id/thes/p075615983>	muziekgeschiedenis
<http://data.bibliotheken.nl/id/thes/p075615991>	muziekinstrumenten
<http://data.bibliotheken.nl/id/thes/p07561622X>	nationalisme
<http://data.bibliotheken.nl/id/thes/p142318787>	Gaza
<http://data.bibliotheken.nl/id/thes/p075618257>	Pasen
<http://data.bibliotheken.nl/id/thes/p142680923>	Pruisen
<http://data.bibliotheken.nl/id/thes/p075618419>	pensioenen
<http://data.bibliotheken.nl/id/thes/p075618443>	pensionering
<http://data.bibliotheken.nl/id/thes/p075618656>	Pinksterbeweging
<http://data.bibliotheken.nl/id/thes/p140931562>	Killarney
<http://data.bibliotheken.nl/id/thes/p07561894X>	polemologie
<http://data.bibliotheken.nl/id/thes/p07561913X>	popmuziek
<http://data.bibliotheken.nl/id/thes/p075619237>	portretfotografie
<http://data.bibliotheken.nl/id/thes/p075619342>	pragmatisme
<http://data.bibliotheken.nl/id/thes/p075619385>	prehistorie
<http://data.bibliotheken.nl/id/thes/p075619407>	preken
<http://data.bibliotheken.nl/id/thes/p075619415>	prentenboeken
<http://data.bibliotheken.nl/id/thes/p075619695>	psychiatrie
<http://data.bibliotheken.nl/id/thes/p14653896X>	Nauru
<http://data.bibliotheken.nl/id/thes/p146102681>	Atlanta
<http://data.bibliotheken.nl/id/thes/p146397169>	Milaan
<http://data.bibliotheken.nl/id/thes/p147495822>	Leipzig
<http://data.bibliotheken.nl/id/thes/p148207103>	postmodernisme
<http://data.bibliotheken.nl/id/thes/p149162758>	Comoren
<http://data.bibliotheken.nl/id/thes/p150657374>	Karpathos
<http://data.bibliotheken.nl/id/thes/p075621711>	slaginstrumenten
<http://data.bibliotheken.nl/id/thes/p075622025>	sociale geografie
<http://data.bibliotheken.nl/id/thes/p075622033>	sociale klassen
<http://data.bibliotheken.nl/id/thes/p075622041>	sociale pedagogiek
<http://data.bibliotheken.nl/id/thes/p075622122>	sociologie
<http://data.bibliotheken.nl/id/thes/p075623412>	diabetes
<http://data.bibliotheken.nl/id/thes/p075623447>	surrealisme
<http://data.bibliotheken.nl/id/thes/p075623536>	taalfilosofie
<http://data.bibliotheken.nl/id/thes/p075623544>	taalverwerving
<http://data.bibliotheken.nl/id/thes/p075623560>	taalwetenschap
<http://data.bibliotheken.nl/id/thes/p075623609>	tafeltennis
<http://data.bibliotheken.nl/id/thes/p075623633>	tandheelkunde
<http://data.bibliotheken.nl/id/thes/p075623706>	tarot
<http://data.bibliotheken.nl/id/thes/p152976655>	Congo-Kinshasa
<http://data.bibliotheken.nl/id/thes/p153076208>	reiki
<http://data.bibliotheken.nl/id/thes/p07562575X>	verpleegkunde
<http://data.bibliotheken.nl/id/thes/p155390740>	Colombo
<http://data.bibliotheken.nl/id/thes/p155926233>	Atlantische Oceaan
<http://data.bibliotheken.nl/id/thes/p156315726>	Tristan da Cunha
<http://data.bibliotheken.nl/id/thes/p157211142>	Rajasthan
<http://data.bibliotheken.nl/id/thes/p157532291>	Limousin
<http://data.bibliotheken.nl/id/thes/p159495067>	Stockholm
<http://data.bibliotheken.nl/id/thes/p160438225>	Seychellen
<http://data.bibliotheken.nl/id/thes/p160573270>	Adriatische Zee
<http://data.bibliotheken.nl/id/thes/p160962404>	Limerick
<http://data.bibliotheken.nl/id/thes/p166569372>	Lille
<http://data.bibliotheken.nl/id/thes/p16849065X>	Devon
<http://data.bibliotheken.nl/id/thes/p168490706>	Cornwall
<http://data.bibliotheken.nl/id/thes/p169156427>	Flores
<http://data.bibliotheken.nl/id/thes/p170622967>	Haifa
<http://data.bibliotheken.nl/id/thes/p171693558>	Dinan
<http://data.bibliotheken.nl/id/thes/p174407688>	Roskilde
<http://data.bibliotheken.nl/id/thes/p175605408>	New England
<http://data.bibliotheken.nl/id/thes/p177033789>	Genua
<http://data.bibliotheken.nl/id/thes/p181990679>	Bohemen
<http://data.bibliotheken.nl/id/thes/p185191231>	Sarawak
<http://data.bibliotheken.nl/id/thes/p185601979>	Damascus
<http://data.bibliotheken.nl/id/thes/p186033907>	Andhra Pradesh
<http://data.bibliotheken.nl/id/thes/p187451923>	Massachusetts
<http://data.bibliotheken.nl/id/thes/p188708510>	West-Afrika
<http://data.bibliotheken.nl/id/thes/p189068221>	Dar es Salaam
<http://data.bibliotheken.nl/id/thes/p189136618>	Uppsala
<http://data.bibliotheken.nl/id/thes/p189615168>	Great Barrier Reef
<http://data.bibliotheken.nl/id/thes/p154073040>	signaalverwerking
<http://data.bibliotheken.nl/id/thes/p15438125X>	katalyse
<http://data.bibliotheken.nl/id/thes/p156057557>	Perzische Golf
<http://data.bibliotheken.nl/id/thes/p157455335>	Piemonte
<http://data.bibliotheken.nl/id/thes/p157864693>	Sarajevo
<http://data.bibliotheken.nl/id/thes/p160446031>	Sydney
<http://data.bibliotheken.nl/id/thes/p16061516X>	Isle of Man
<http://data.bibliotheken.nl/id/thes/p16138496X>	La Rochelle
<http://data.bibliotheken.nl/id/thes/p162997906>	Kerala
<http://data.bibliotheken.nl/id/thes/p163005710>	Bagdad
<http://data.bibliotheken.nl/id/thes/p164453865>	Yorkshire
<http://data.bibliotheken.nl/id/thes/p174878257>	Bratislava
<http://data.bibliotheken.nl/id/thes/p175236542>	Kaapstad
<http://data.bibliotheken.nl/id/thes/p177171383>	gentherapie
<http://data.bibliotheken.nl/id/thes/p181417685>	Turijn
<http://data.bibliotheken.nl/id/thes/p181417847>	Samos
<http://data.bibliotheken.nl/id/thes/p181571404>	Kosovo
<http://data.bibliotheken.nl/id/thes/p181778939>	New Orleans
<http://data.bibliotheken.nl/id/thes/p18186293X>	Sichuan
<http://data.bibliotheken.nl/id/thes/p18226016X>	Noordelijke IJszee
<http://data.bibliotheken.nl/id/thes/p183020731>	Kyoto
<http://data.bibliotheken.nl/id/thes/p183865588>	Linux
<http://data.bibliotheken.nl/id/thes/p18525084X>	Mount Everest
<http://data.bibliotheken.nl/id/thes/p185866964>	Ontario
<http://data.bibliotheken.nl/id/thes/p187433003>	Falun
<http://data.bibliotheken.nl/id/thes/p189186674>	stedelijke economie
<http://data.bibliotheken.nl/id/thes/p190000236>	Lahore
<http://data.bibliotheken.nl/id/thes/p075626292>	voetbal
<http://data.bibliotheken.nl/id/thes/p075626349>	volksdansen
<http://data.bibliotheken.nl/id/thes/p191041750>	Buenos Aires
<http://data.bibliotheken.nl/id/thes/p075626454>	volleybal
<http://data.bibliotheken.nl/id/thes/p075626543>	vormsel
<http://data.bibliotheken.nl/id/thes/p191527335>	Hindi
<http://data.bibliotheken.nl/id/thes/p191598240>	Kaliningrad
<http://data.bibliotheken.nl/id/thes/p191623997>	Turkmenistan
<http://data.bibliotheken.nl/id/thes/p195021673>	Alberta
<http://data.bibliotheken.nl/id/thes/p192405799>	Perpignan
<http://data.bibliotheken.nl/id/thes/p075628562>	zonne-energie
<http://data.bibliotheken.nl/id/thes/p192894609>	Newfoundland
<http://data.bibliotheken.nl/id/thes/p193590794>	Marseille
<http://data.bibliotheken.nl/id/thes/p194206963>	nanotechnologie
<http://data.bibliotheken.nl/id/thes/p075628899>	Afrika
<http://data.bibliotheken.nl/id/thes/p075628937>	Alkmaar
<http://data.bibliotheken.nl/id/thes/p075629933>	Canada
<http://data.bibliotheken.nl/id/thes/p202424693>	ondernemerschap
<http://data.bibliotheken.nl/id/thes/p075629984>	Bolivia
<http://data.bibliotheken.nl/id/thes/p075629992>	Chili
<http://data.bibliotheken.nl/id/thes/p075630001>	China
<http://data.bibliotheken.nl/id/thes/p075630044>	Corsica
<http://data.bibliotheken.nl/id/thes/p075630109>	Breda
<http://data.bibliotheken.nl/id/thes/p075630117>	Bretagne
<http://data.bibliotheken.nl/id/thes/p07563015X>	Brugge
<http://data.bibliotheken.nl/id/thes/p075630192>	Brussel
<http://data.bibliotheken.nl/id/thes/p075630230>	Bulgarije
<http://data.bibliotheken.nl/id/thes/p198474334>	Andorra
<http://data.bibliotheken.nl/id/thes/p07563032X>	Egypte
<http://data.bibliotheken.nl/id/thes/p075630346>	Eindhoven
<http://data.bibliotheken.nl/id/thes/p075630370>	Delft
<http://data.bibliotheken.nl/id/thes/p075630419>	El Salvador
<http://data.bibliotheken.nl/id/thes/p075630427>	Denemarken
<http://data.bibliotheken.nl/id/thes/p075630478>	Engeland
<http://data.bibliotheken.nl/id/thes/p075630494>	Enschede
<http://data.bibliotheken.nl/id/thes/p075630591>	Europa
<http://data.bibliotheken.nl/id/thes/p075630753>	Filippijnen
<http://data.bibliotheken.nl/id/thes/p075630796>	Friesland
<http://data.bibliotheken.nl/id/thes/p07563080X>	Frankrijk
<http://data.bibliotheken.nl/id/thes/p075630834>	Gardameer
<http://data.bibliotheken.nl/id/thes/p202821048>	biodiversiteit
<http://data.bibliotheken.nl/id/thes/p203379888>	data mining
<http://data.bibliotheken.nl/id/thes/p075632896>	Noorwegen
<http://data.bibliotheken.nl/id/thes/p075632926>	Nijmegen
<http://data.bibliotheken.nl/id/thes/p075632993>	Oostenrijk
<http://data.bibliotheken.nl/id/thes/p075633035>	Oost-Vlaanderen
<http://data.bibliotheken.nl/id/thes/p075633159>	Overijssel
<http://data.bibliotheken.nl/id/thes/p075633167>	Paaseiland
<http://data.bibliotheken.nl/id/thes/p075633175>	Pakistan
<http://data.bibliotheken.nl/id/thes/p075633191>	Paramaribo
<http://data.bibliotheken.nl/id/thes/p075633205>	Parijs
<http://data.bibliotheken.nl/id/thes/p07563323X>	Peru
<http://data.bibliotheken.nl/id/thes/p075633280>	Polen
<http://data.bibliotheken.nl/id/thes/p075633299>	Portugal
<http://data.bibliotheken.nl/id/thes/p075633302>	Provence
<http://data.bibliotheken.nl/id/thes/p07563340X>	Rocky Mountains
<http://data.bibliotheken.nl/id/thes/p075633442>	Rome
<http://data.bibliotheken.nl/id/thes/p075633485>	Rotterdam
<http://data.bibliotheken.nl/id/thes/p07563354X>	Texas
<http://data.bibliotheken.nl/id/thes/p075633558>	Thailand
<http://data.bibliotheken.nl/id/thes/p20731814X>	Puerto Rico
<http://data.bibliotheken.nl/id/thes/p075633655>	Tilburg
<http://data.bibliotheken.nl/id/thes/p212449206>	Appalachen
<http://data.bibliotheken.nl/id/thes/p212954199>	Agadir
<http://data.bibliotheken.nl/id/thes/p213254506>	North Carolina
<http://data.bibliotheken.nl/id/thes/p213798956>	East Anglia
<http://data.bibliotheken.nl/id/thes/p203690885>	Wyoming
<http://data.bibliotheken.nl/id/thes/p075633701>	Tirol
<http://data.bibliotheken.nl/id/thes/p215808363>	Verdun
<http://data.bibliotheken.nl/id/thes/p215809009>	Florida Keys
<http://data.bibliotheken.nl/id/thes/p216028701>	hematologie
<http://data.bibliotheken.nl/id/thes/p075635488>	Paros
<http://data.bibliotheken.nl/id/thes/p07563550X>	geschiedenis
<http://data.bibliotheken.nl/id/thes/p075635798>	Beieren
<http://data.bibliotheken.nl/id/thes/p075635933>	massage
<http://data.bibliotheken.nl/id/thes/p075635976>	Kreta
<http://data.bibliotheken.nl/id/thes/p075636026>	snaarinstrumenten
<http://data.bibliotheken.nl/id/thes/p220361339>	Amiens
<http://data.bibliotheken.nl/id/thes/p220361738>	Arles
<http://data.bibliotheken.nl/id/thes/p224216031>	Auxerre
<http://data.bibliotheken.nl/id/thes/p224216856>	Bergerac
<http://data.bibliotheken.nl/id/thes/p215699319>	Oost-Afrika
<http://data.bibliotheken.nl/id/thes/p075638436>	Noordzee
<http://data.bibliotheken.nl/id/thes/p075638592>	Jamaica
<http://data.bibliotheken.nl/id/thes/p075638606>	Botswana
<http://data.bibliotheken.nl/id/thes/p075638673>	Maas
<http://data.bibliotheken.nl/id/thes/p075638703>	Gelderland
<http://data.bibliotheken.nl/id/thes/p075638711>	Oost-Europa
<http://data.bibliotheken.nl/id/thes/p216547997>	Agra
<http://data.bibliotheken.nl/id/thes/p216548004>	Jaipur
<http://data.bibliotheken.nl/id/thes/p07563886X>	Sahel
<http://data.bibliotheken.nl/id/thes/p075639009>	Gambia
<http://data.bibliotheken.nl/id/thes/p07564097X>	Moskou
<http://data.bibliotheken.nl/id/thes/p075641127>	Venezuela
<http://data.bibliotheken.nl/id/thes/p222338644>	Angkor
<http://data.bibliotheken.nl/id/thes/p224218743>	Chaumont
<http://data.bibliotheken.nl/id/thes/p227783204>	modernisme
<http://data.bibliotheken.nl/id/thes/p228046734>	Salt Lake City
<http://data.bibliotheken.nl/id/thes/p228063361>	Sparta
<http://data.bibliotheken.nl/id/thes/p229331300>	Stonehenge
<http://data.bibliotheken.nl/id/thes/p229492401>	Nairobi
<http://data.bibliotheken.nl/id/thes/p075641283>	Richmond
<http://data.bibliotheken.nl/id/thes/p075641429>	Ulster
<http://data.bibliotheken.nl/id/thes/p075641755>	Alphen aan den Rijn
<http://data.bibliotheken.nl/id/thes/p230169643>	Maremma
<http://data.bibliotheken.nl/id/thes/p07564441X>	Rwanda
<http://data.bibliotheken.nl/id/thes/p075645556>	Antarctica
<http://data.bibliotheken.nl/id/thes/p075645815>	Kameroen
<http://data.bibliotheken.nl/id/thes/p075646005>	Bali
<http://data.bibliotheken.nl/id/thes/p07564603X>	Zoetermeer
<http://data.bibliotheken.nl/id/thes/p075646064>	Nogent-le-Rotrou
<http://data.bibliotheken.nl/id/thes/p075647621>	reumatologie
<http://data.bibliotheken.nl/id/thes/p07564763X>	brandwonden
<http://data.bibliotheken.nl/id/thes/p075647826>	Lincoln
<http://data.bibliotheken.nl/id/thes/p075648539>	chemotherapie
<http://data.bibliotheken.nl/id/thes/p075648547>	oncologie
<http://data.bibliotheken.nl/id/thes/p075648571>	geschiedenis van de geneeskunde
<http://data.bibliotheken.nl/id/thes/p075648598>	gastro-enterologie
<http://data.bibliotheken.nl/id/thes/p075648628>	Warschau
<http://data.bibliotheken.nl/id/thes/p075652196>	moleculaire biologie
<http://data.bibliotheken.nl/id/thes/p075652498>	biomedische techniek
<http://data.bibliotheken.nl/id/thes/p075652528>	kunstmatige intelligentie
<http://data.bibliotheken.nl/id/thes/p075653028>	Angola
<http://data.bibliotheken.nl/id/thes/p23501351X>	Porto
<http://data.bibliotheken.nl/id/thes/p235229857>	Bern
<http://data.bibliotheken.nl/id/thes/p23525083X>	Cochabamba
<http://data.bibliotheken.nl/id/thes/p236266306>	jeugdstrafrecht
<http://data.bibliotheken.nl/id/thes/p236276387>	Montpellier
<http://data.bibliotheken.nl/id/thes/p236519581>	Haagse School
<http://data.bibliotheken.nl/id/thes/p23666994X>	Esbjerg
<http://data.bibliotheken.nl/id/thes/p237190540>	Leros
<http://data.bibliotheken.nl/id/thes/p237556723>	Balatonmeer
<http://data.bibliotheken.nl/id/thes/p237897547>	Sarcelles
<http://data.bibliotheken.nl/id/thes/p238721027>	bio-ethiek
<http://data.bibliotheken.nl/id/thes/p238926575>	Vlaams-Brabant
<http://data.bibliotheken.nl/id/thes/p239781252>	Assam
<http://data.bibliotheken.nl/id/thes/p241398215>	Forbach
<http://data.bibliotheken.nl/id/thes/p241401216>	Thionville
<http://data.bibliotheken.nl/id/thes/p242067948>	Karakoram
<http://data.bibliotheken.nl/id/thes/p242100961>	Straatsburg
<http://data.bibliotheken.nl/id/thes/p24241138X>	joint ventures
<http://data.bibliotheken.nl/id/thes/p242478794>	Rijnland
<http://data.bibliotheken.nl/id/thes/p24391041X>	ziekenhuisinfecties
<http://data.bibliotheken.nl/id/thes/p244620741>	schadevergoeding
<http://data.bibliotheken.nl/id/thes/p24614128X>	Djerba
<http://data.bibliotheken.nl/id/thes/p249329891>	Dax
<http://data.bibliotheken.nl/id/thes/p249332779>	Fontenay-le-Comte
<http://data.bibliotheken.nl/id/thes/p249333813>	Haguenau
<http://data.bibliotheken.nl/id/thes/p249347067>	Le Mans
<http://data.bibliotheken.nl/id/thes/p249354977>	Lons-le-Saunier
<http://data.bibliotheken.nl/id/thes/p249358964>	Meaux
<http://data.bibliotheken.nl/id/thes/p24935943X>	Metz
<http://data.bibliotheken.nl/id/thes/p249954133>	Las Vegas
<http://data.bibliotheken.nl/id/thes/p250091666>	Niort
<http://data.bibliotheken.nl/id/thes/p250092662>	Parthenay
<http://data.bibliotheken.nl/id/thes/p250094649>	Poitiers
<http://data.bibliotheken.nl/id/thes/p250096269>	Saint-Malo
<http://data.bibliotheken.nl/id/thes/p250096889>	Saint-Quentin
<http://data.bibliotheken.nl/id/thes/p250097109>	Saint-Germain-en-Laye
<http://data.bibliotheken.nl/id/thes/p250097796>	Toulouse
<http://data.bibliotheken.nl/id/thes/p250109794>	Syros
<http://data.bibliotheken.nl/id/thes/p238419436>	Amritsar
<http://data.bibliotheken.nl/id/thes/p239113721>	Quercy
<http://data.bibliotheken.nl/id/thes/p239541189>	kennismanagement
<http://data.bibliotheken.nl/id/thes/p239638948>	mensenhandel
<http://data.bibliotheken.nl/id/thes/p24182625X>	ontwikkelingsbiologie
<http://data.bibliotheken.nl/id/thes/p242883281>	Annapolis
<http://data.bibliotheken.nl/id/thes/p243251653>	Patmos
<http://data.bibliotheken.nl/id/thes/p24610984X>	West-Europa
<http://data.bibliotheken.nl/id/thes/p254808816>	Toul
<http://data.bibliotheken.nl/id/thes/p254809499>	Villeneuve-sur-Lot
<http://data.bibliotheken.nl/id/thes/p255297130>	Sierra Nevada
<http://data.bibliotheken.nl/id/thes/p256000778>	Munster
<http://data.bibliotheken.nl/id/thes/p256237506>	Montenegro
<http://data.bibliotheken.nl/id/thes/p258970537>	milieuchemie
<http://data.bibliotheken.nl/id/thes/p261981390>	Suffolk
<http://data.bibliotheken.nl/id/thes/p262190524>	Epirus
<http://data.bibliotheken.nl/id/thes/p262607581>	Gascogne
<http://data.bibliotheken.nl/id/thes/p265247055>	Harare
<http://data.bibliotheken.nl/id/thes/p271240156>	Papoeatalen
<http://data.bibliotheken.nl/id/thes/p274539454>	Mykonos
<http://data.bibliotheken.nl/id/thes/p250464772>	Kalahari
<http://data.bibliotheken.nl/id/thes/p251787052>	Karnataka
<http://data.bibliotheken.nl/id/thes/p251880788>	Abruzzo
<http://data.bibliotheken.nl/id/thes/p075653273>	Verenigde Arabische Emiraten
<http://data.bibliotheken.nl/id/thes/p075653303>	Guinee
<http://data.bibliotheken.nl/id/thes/p252076125>	Belgrado
<http://data.bibliotheken.nl/id/thes/p252307976>	New Delhi
<http://data.bibliotheken.nl/id/thes/p25232918X>	Cheshire
<http://data.bibliotheken.nl/id/thes/p283027762>	Vilnius
<http://data.bibliotheken.nl/id/thes/p283572167>	Haute-Loire
<http://data.bibliotheken.nl/id/thes/p255794312>	Everglades
<http://data.bibliotheken.nl/id/thes/p255977468>	Las Palmas de Gran Canaria
<http://data.bibliotheken.nl/id/thes/p285621149>	Molsheim
<http://data.bibliotheken.nl/id/thes/p075656698>	landbouweconomie
<http://data.bibliotheken.nl/id/thes/p075656809>	duurzame landbouw
<http://data.bibliotheken.nl/id/thes/p25816882X>	Calabria
<http://data.bibliotheken.nl/id/thes/p290735777>	Vicenza
<http://data.bibliotheken.nl/id/thes/p290836115>	Johannesburg
<http://data.bibliotheken.nl/id/thes/p075657228>	bedrijfsinnovatie
<http://data.bibliotheken.nl/id/thes/p291315852>	Tallinn
<http://data.bibliotheken.nl/id/thes/p075659123>	fraude
<http://data.bibliotheken.nl/id/thes/p292521413>	Caen
<http://data.bibliotheken.nl/id/thes/p292993048>	wegenkaarten
<http://data.bibliotheken.nl/id/thes/p296501077>	Bergamo
<http://data.bibliotheken.nl/id/thes/p296638196>	Guadeloupe
<http://data.bibliotheken.nl/id/thes/p26347092X>	Lyon
<http://data.bibliotheken.nl/id/thes/p263485927>	Ljubljana
<http://data.bibliotheken.nl/id/thes/p274076020>	Fontainebleau
<http://data.bibliotheken.nl/id/thes/p297983849>	La Mancha
<http://data.bibliotheken.nl/id/thes/p298098075>	Brazzaville
<http://data.bibliotheken.nl/id/thes/p289036941>	Kiribati
<http://data.bibliotheken.nl/id/thes/p075661993>	ontbossing
<http://data.bibliotheken.nl/id/thes/p301800537>	Nagasaki
<http://data.bibliotheken.nl/id/thes/p075664216>	taalonderwijs
<http://data.bibliotheken.nl/id/thes/p292797591>	Oslo
<http://data.bibliotheken.nl/id/thes/p298716585>	Penang
<http://data.bibliotheken.nl/id/thes/p309252598>	Golf van Mexico
<http://data.bibliotheken.nl/id/thes/p310269369>	Arunachal Pradesh
<http://data.bibliotheken.nl/id/thes/p302971599>	Serengeti
<http://data.bibliotheken.nl/id/thes/p302999655>	Tamil Nadu
<http://data.bibliotheken.nl/id/thes/p304241040>	Bilbao
<http://data.bibliotheken.nl/id/thes/p304733695>	Zurich
<http://data.bibliotheken.nl/id/thes/p075664364>	thermodynamica
<http://data.bibliotheken.nl/id/thes/p075664402>	toegepaste wiskunde
<http://data.bibliotheken.nl/id/thes/p312635370>	Dubai
<http://data.bibliotheken.nl/id/thes/p312635389>	Abu Dhabi
<http://data.bibliotheken.nl/id/thes/p312981619>	Sikkim
<http://data.bibliotheken.nl/id/thes/p314215018>	Maputo
<http://data.bibliotheken.nl/id/thes/p31540132X>	biobrandstoffen
<http://data.bibliotheken.nl/id/thes/p315847735>	Gujarat
<http://data.bibliotheken.nl/id/thes/p316197238>	Guangdong
<http://data.bibliotheken.nl/id/thes/p318138980>	Kalimantan
<http://data.bibliotheken.nl/id/thes/p322379946>	Saarland
<http://data.bibliotheken.nl/id/thes/p322397332>	Marche
<http://data.bibliotheken.nl/id/thes/p328830283>	Bermuda
<http://data.bibliotheken.nl/id/thes/p330050699>	Port of Spain
<http://data.bibliotheken.nl/id/thes/p330202634>	Ierse Zee
<http://data.bibliotheken.nl/id/thes/p330749439>	Kabul
<http://data.bibliotheken.nl/id/thes/p356385183>	Virginia
<http://data.bibliotheken.nl/id/thes/p369215850>	Martinique
<http://data.bibliotheken.nl/id/thes/p324517610>	Nord-Pas-de-Calais
<http://data.bibliotheken.nl/id/thes/p333614437>	Faro
<http://data.bibliotheken.nl/id/thes/p334157528>	Naxos
<http://data.bibliotheken.nl/id/thes/p334157943>	Skyros
<http://data.bibliotheken.nl/id/thes/p391526928>	Louisiana
<http://data.bibliotheken.nl/id/thes/p394093623>	Sofia
<http://data.bibliotheken.nl/id/thes/p394185382>	Boekarest
<http://data.bibliotheken.nl/id/thes/p394187628>	Charleroi
<http://data.bibliotheken.nl/id/thes/p396090737>	Gorizia
<http://data.bibliotheken.nl/id/thes/p401027228>	Benghazi
<http://data.bibliotheken.nl/id/thes/p401161005>	Maharashtra
<http://data.bibliotheken.nl/id/thes/p401337081>	Montserrat
<http://data.bibliotheken.nl/id/thes/p401412792>	Queensland
<http://data.bibliotheken.nl/id/thes/p374637938>	Bazel
<http://data.bibliotheken.nl/id/thes/p375438270>	Melbourne
<http://data.bibliotheken.nl/id/thes/p376143452>	Jersey
<http://data.bibliotheken.nl/id/thes/p37834823X>	oncologische chirurgie
<http://data.bibliotheken.nl/id/thes/p381169243>	Lisieux
<http://data.bibliotheken.nl/id/thes/p406243743>	Reims
<http://data.bibliotheken.nl/id/thes/p075668831>	Estland
<http://data.bibliotheken.nl/id/thes/p07566884X>	Litouwen
<http://data.bibliotheken.nl/id/thes/p075668866>	Jemen
<http://data.bibliotheken.nl/id/thes/p385955480>	Noordoost-Duitsland
<http://data.bibliotheken.nl/id/thes/p075669250>	Loire
<http://data.bibliotheken.nl/id/thes/p075669455>	Ferrara
<http://data.bibliotheken.nl/id/thes/p075669463>	Ravenna
<http://data.bibliotheken.nl/id/thes/p07566948X>	Napels
<http://data.bibliotheken.nl/id/thes/p39078186X>	Berkshire
<http://data.bibliotheken.nl/id/thes/p390807915>	Creuse
<http://data.bibliotheken.nl/id/thes/p391525492>	Norfolk
<http://data.bibliotheken.nl/id/thes/p392097672>	Lausanne
<http://data.bibliotheken.nl/id/thes/p392147696>	Tanger
<http://data.bibliotheken.nl/id/thes/p075673797>	Tonga
<http://data.bibliotheken.nl/id/thes/p075674254>	Costa del Sol
<http://data.bibliotheken.nl/id/thes/p075674300>	Costa Brava
<http://data.bibliotheken.nl/id/thes/p075674521>	Lissabon
<http://data.bibliotheken.nl/id/thes/p07567470X>	Duitsland
<http://data.bibliotheken.nl/id/thes/p075674815>	Tsjaad
<http://data.bibliotheken.nl/id/thes/p07567503X>	Namen
<http://data.bibliotheken.nl/id/thes/p393338193>	Hannover
<http://data.bibliotheken.nl/id/thes/p393553272>	New Brunswick
<http://data.bibliotheken.nl/id/thes/p419552332>	Mulhouse
<http://data.bibliotheken.nl/id/thes/p075678632>	Moezel
<http://data.bibliotheken.nl/id/thes/p075678640>	Algarve
<http://data.bibliotheken.nl/id/thes/p075678659>	Champagne
<http://data.bibliotheken.nl/id/thes/p07567873X>	Ivoorkust
<http://data.bibliotheken.nl/id/thes/p075678756>	Keulen
<http://data.bibliotheken.nl/id/thes/p075678918>	Tokyo
<http://data.bibliotheken.nl/id/thes/p075678926>	Bangkok
<http://data.bibliotheken.nl/id/thes/p07567906X>	Oxford
<http://data.bibliotheken.nl/id/thes/p075679094>	Siena
<http://data.bibliotheken.nl/id/thes/p075679108>	Elzas
<http://data.bibliotheken.nl/id/thes/p075679116>	Cyprus
<http://data.bibliotheken.nl/id/thes/p41992244X>	Bornholm
<http://data.bibliotheken.nl/id/thes/p419922741>	Tirana
<http://data.bibliotheken.nl/id/thes/p075679191>	bijbels
<http://data.bibliotheken.nl/id/thes/p075679205>	Azoren
<http://data.bibliotheken.nl/id/thes/p420746528>	Dominica
<http://data.bibliotheken.nl/id/thes/p420759336>	Detroit
<http://data.bibliotheken.nl/id/thes/p07567971X>	Jura
<http://data.bibliotheken.nl/id/thes/p397192347>	Arkansas
<http://data.bibliotheken.nl/id/thes/p397240163>	Oklahoma
<http://data.bibliotheken.nl/id/thes/p42098027X>	Zuid-Soedan
<http://data.bibliotheken.nl/id/thes/p397251084>	Kansas
<http://data.bibliotheken.nl/id/thes/p075684381>	oude geschiedenis
<http://data.bibliotheken.nl/id/thes/p075684608>	Sumatra
<http://data.bibliotheken.nl/id/thes/p075684810>	Liverpool
<http://data.bibliotheken.nl/id/thes/p075684829>	Dublin
<http://data.bibliotheken.nl/id/thes/p075684837>	Turku
<http://data.bibliotheken.nl/id/thes/p075684888>	desktop publishing
<http://data.bibliotheken.nl/id/thes/p075684918>	volkstuinen
<http://data.bibliotheken.nl/id/thes/p075684969>	Troje
<http://data.bibliotheken.nl/id/thes/p075685167>	Liechtenstein
<http://data.bibliotheken.nl/id/thes/p075685248>	Bhutan
<http://data.bibliotheken.nl/id/thes/p075688417>	Islamabad
<http://data.bibliotheken.nl/id/thes/p07568893X>	economische geografie
<http://data.bibliotheken.nl/id/thes/p406509735>	Palmyra
<http://data.bibliotheken.nl/id/thes/p410860956>	Idaho
<http://data.bibliotheken.nl/id/thes/p410867802>	Nebraska
<http://data.bibliotheken.nl/id/thes/p41095523X>	Mons
<http://data.bibliotheken.nl/id/thes/p411109863>	Monrovia
<http://data.bibliotheken.nl/id/thes/p411311557>	Duinkerken
<http://data.bibliotheken.nl/id/thes/p411427814>	wapenhandel
<http://data.bibliotheken.nl/id/thes/p412494000>	Hubei
<http://data.bibliotheken.nl/id/thes/p412494043>	Shaanxi
<http://data.bibliotheken.nl/id/thes/p413979296>	Hokkaido
<http://data.bibliotheken.nl/id/thes/p416658555>	Pays de la Loire
<http://data.bibliotheken.nl/id/thes/p078797667>	Canarische Eilanden
<http://data.bibliotheken.nl/id/thes/p082428301>	Kos
<http://data.bibliotheken.nl/id/thes/p082428654>	Arizona
<http://data.bibliotheken.nl/id/thes/p086058274>	Tenerife
<http://data.bibliotheken.nl/id/thes/p086058355>	Formentera
<http://data.bibliotheken.nl/id/thes/p087323265>	Sahara
<http://data.bibliotheken.nl/id/thes/p087720418>	Monaco
<http://data.bibliotheken.nl/id/thes/p088159434>	Los Angeles
<http://data.bibliotheken.nl/id/thes/p088165566>	Vietnam
<http://data.bibliotheken.nl/id/thes/p089431251>	Zwarte Zee
<http://data.bibliotheken.nl/id/thes/p089481925>	Burkina Faso
<http://data.bibliotheken.nl/id/thes/p091392314>	Middellandse Zee
<http://data.bibliotheken.nl/id/thes/p095796703>	Ionische eilanden
<http://data.bibliotheken.nl/id/thes/p096947381>	patroonherkenning
<http://data.bibliotheken.nl/id/thes/p097038369>	Rio de Janeiro
<http://data.bibliotheken.nl/id/thes/p266294944>	Vervins
<http://data.bibliotheken.nl/id/thes/p26819775X>	Kinshasa
<http://data.bibliotheken.nl/id/thes/p268937729>	Aleppo
<http://data.bibliotheken.nl/id/thes/p271442271>	I Tjing
<http://data.bibliotheken.nl/id/thes/p274558343>	Zuidwest-Duitsland
<http://data.bibliotheken.nl/id/thes/p287772446>	Zakynthos
<http://data.bibliotheken.nl/id/thes/p291059406>	Fez
<http://data.bibliotheken.nl/id/thes/p291283705>	huiselijk geweld
<http://data.bibliotheken.nl/id/thes/p300719108>	Palermo
<http://data.bibliotheken.nl/id/thes/p302351140>	Phuket
<http://data.bibliotheken.nl/id/thes/p302351264>	Riga
<http://data.bibliotheken.nl/id/thes/p30328109X>	Yunnan
<http://data.bibliotheken.nl/id/thes/p305527037>	Aquitaine
<http://data.bibliotheken.nl/id/thes/p314219617>	sportgeschiedenis
<http://data.bibliotheken.nl/id/thes/p315114126>	Yosemite Nationaal Park
<http://data.bibliotheken.nl/id/thes/p315323124>	Sonora
<http://data.bibliotheken.nl/id/thes/p31563944X>	qigong
<http://data.bibliotheken.nl/id/thes/p316034215>	Nunavut
<http://data.bibliotheken.nl/id/thes/p320642615>	Bologna
<http://data.bibliotheken.nl/id/thes/p322382122>	Veneto
<http://data.bibliotheken.nl/id/thes/p322696739>	Patras
<http://data.bibliotheken.nl/id/thes/p323345492>	Dode Zee
<http://data.bibliotheken.nl/id/thes/p323871712>	mindfulness
<http://data.bibliotheken.nl/id/thes/p324510977>	Poitou-Charentes
<http://data.bibliotheken.nl/id/thes/p327264268>	Liguria
<http://data.bibliotheken.nl/id/thes/p327485914>	Machu Picchu
<http://data.bibliotheken.nl/id/thes/p327486171>	Petra
<http://data.bibliotheken.nl/id/thes/p329579517>	Kiev
<http://data.bibliotheken.nl/id/thes/p331387077>	Kristiansund
<http://data.bibliotheken.nl/id/thes/p339448792>	KwaZulu-Natal
<http://data.bibliotheken.nl/id/thes/p33994076X>	Somaliland
<http://data.bibliotheken.nl/id/thes/p341676039>	Casablanca
<http://data.bibliotheken.nl/id/thes/p341679321>	Gibraltar
<http://data.bibliotheken.nl/id/thes/p343436582>	Okayama
<http://data.bibliotheken.nl/id/thes/p34366514X>	Pisa
<http://data.bibliotheken.nl/id/thes/p344102793>	Seoul
<http://data.bibliotheken.nl/id/thes/p344667162>	New Jersey
<http://data.bibliotheken.nl/id/thes/p351194401>	Mantova
<http://data.bibliotheken.nl/id/thes/p351200754>	Iowa
<http://data.bibliotheken.nl/id/thes/p353583448>	Lucca
<http://data.bibliotheken.nl/id/thes/p353715514>	Guernsey
<http://data.bibliotheken.nl/id/thes/p354219596>	San Marino
<http://data.bibliotheken.nl/id/thes/p356349632>	Bauhaus
<http://data.bibliotheken.nl/id/thes/p357143434>	Dhaka
<http://data.bibliotheken.nl/id/thes/p357280660>	Kyushu
<http://data.bibliotheken.nl/id/thes/p357380347>	sportpsychologie
<http://data.bibliotheken.nl/id/thes/p372553508>	Verona
<http://data.bibliotheken.nl/id/thes/p374645981>	Brescia
<http://data.bibliotheken.nl/id/thes/p374744092>	South Carolina
<http://data.bibliotheken.nl/id/thes/p388105356>	Ningxia
<http://data.bibliotheken.nl/id/thes/p389030260>	Valenciennes
<http://data.bibliotheken.nl/id/thes/p390799645>	Wisconsin
<http://data.bibliotheken.nl/id/thes/p392661195>	positieve psychologie
<http://data.bibliotheken.nl/id/thes/p392770539>	Brandenburg
<http://data.bibliotheken.nl/id/thes/p395484928>	Shikoku
<http://data.bibliotheken.nl/id/thes/p400222507>	Suezkanaal
<http://data.bibliotheken.nl/id/thes/p400532794>	Bath
<http://data.bibliotheken.nl/id/thes/p404071759>	Molise
<http://data.bibliotheken.nl/id/thes/p40407183X>	Puglia
<http://data.bibliotheken.nl/id/thes/p404071856>	Basilicata
<http://data.bibliotheken.nl/id/thes/p404331564>	Pays de la Loire
<http://data.bibliotheken.nl/id/thes/p404333249>	Basse-Normandie
<http://data.bibliotheken.nl/id/thes/p404333281>	Haute-Normandie
<http://data.bibliotheken.nl/id/thes/p40502374X>	Michigan
<http://data.bibliotheken.nl/id/thes/p405023758>	Ohio
<http://data.bibliotheken.nl/id/thes/p405023766>	Indiana
<http://data.bibliotheken.nl/id/thes/p407342885>	Carpentras
<http://data.bibliotheken.nl/id/thes/p408110813>	Tbilisi
<http://data.bibliotheken.nl/id/thes/p40847954X>	Carcassonne
<http://data.bibliotheken.nl/id/thes/p408487437>	Mont Saint-Michel
<http://data.bibliotheken.nl/id/thes/p408489308>	Sedan
<http://data.bibliotheken.nl/id/thes/p408967587>	Skopje
<http://data.bibliotheken.nl/id/thes/p408987049>	Bourges
<http://data.bibliotheken.nl/id/thes/p409170933>	Jharkhand
<http://data.bibliotheken.nl/id/thes/p409825220>	Wroclaw
<http://data.bibliotheken.nl/id/thes/p410359378>	Luxor
<http://data.bibliotheken.nl/id/thes/p412498979>	Shandong
<http://data.bibliotheken.nl/id/thes/p412828308>	Avignon
<http://data.bibliotheken.nl/id/thes/p41696978X>	Fukushima
